{
  "info": {
    "name": "Ticket Booking API",
    "description": "API collection for Ticket Booking System",
    "schema": "https://schema.getpostman.com/json/collection/v2.1.0/collection.json"
  },
  "item": [
    {
      "name": "Shows",
      "item": [
        {
          "name": "Create Show",
          "request": {
            "method": "POST",
            "header": [
              {
                "key": "Content-Type",
                "value": "application/json"
              }
            ],
            "body": {
              "mode": "raw",
              "raw": "{\n  \"name\": \"Movie Show 1\",\n  \"startTime\": \"2024-12-25T18:00:00Z\",\n  \"totalSeats\": 40\n}"
            },
            "url": {
              "raw": "{{base_url}}/api/shows",
              "host": ["{{base_url}}"],
              "path": ["api", "shows"]
            }
          }
        },
        {
          "name": "Get All Shows",
          "request": {
            "method": "GET",
            "url": {
              "raw": "{{base_url}}/api/shows",
              "host": ["{{base_url}}"],
              "path": ["api", "shows"]
            }
          }
        },
        {
          "name": "Get Show by ID",
          "request": {
            "method": "GET",
            "url": {
              "raw": "{{base_url}}/api/shows/1",
              "host": ["{{base_url}}"],
              "path": ["api", "shows", "1"]
            }
          }
        },
        {
          "name": "Get Available Seats",
          "request": {
            "method": "GET",
            "url": {
              "raw": "{{base_url}}/api/shows/1/seats",
              "host": ["{{base_url}}"],
              "path": ["api", "shows", "1", "seats"]
            }
          }
        }
      ]
    },
    {
      "name": "Bookings",
      "item": [
        {
          "name": "Create Booking",
          "request": {
            "method": "POST",
            "header": [
              {
                "key": "Content-Type",
                "value": "application/json"
              }
            ],
            "body": {
              "mode": "raw",
              "raw": "{\n  \"showId\": 1,\n  \"userId\": \"user123\",\n  \"seatNumbers\": [1, 2, 3]\n}"
            },
            "url": {
              "raw": "{{base_url}}/api/bookings",
              "host": ["{{base_url}}"],
              "path": ["api", "bookings"]
            }
          }
        },
        {
          "name": "Confirm Booking",
          "request": {
            "method": "PUT",
            "url": {
              "raw": "{{base_url}}/api/bookings/1/confirm",
              "host": ["{{base_url}}"],
              "path": ["api", "bookings", "1", "confirm"]
            }
          }
        },
        {
          "name": "Get Booking by ID",
          "request": {
            "method": "GET",
            "url": {
              "raw": "{{base_url}}/api/bookings/1",
              "host": ["{{base_url}}"],
              "path": ["api", "bookings", "1"]
            }
          }
        },
        {
          "name": "Get User Bookings",
          "request": {
            "method": "GET",
            "url": {
              "raw": "{{base_url}}/api/bookings/user/user123",
              "host": ["{{base_url}}"],
              "path": ["api", "bookings", "user", "user123"]
            }
          }
        }
      ]
    },
    {
      "name": "Health Check",
      "request": {
        "method": "GET",
        "url": {
          "raw": "{{base_url}}/health",
          "host": ["{{base_url}}"],
          "path": ["health"]
        }
      }
    }
  ],
  "variable": [
    {
      "key": "base_url",
      "value": "http://localhost:3001",
      "type": "string"
    }
  ]
}



